Name,Price,Rating,Review Counts
"Acer SB220Q bi 21.5 Inches Full HD (1920 x 1080) IPS Ultra-Thin Zero Frame Monitor (HDMI & VGA Port), Black",91.99,4.7/5,"26,954"
"Sceptre 20"" 1600x900 75Hz Ultra Thin LED Monitor 2x HDMI VGA Built-in Speakers, Machine Black Wide Viewing Angle 170° (Horizontal) / 160° (Vertical)",79.97,4.5/5,"14,081"
"LG 24M47VQ 24-Inch LED-lit Monitor, Black",99.99,4.7/5,"3,175"
No title available,Editorial recommendations,4.5/5,"Whether you have a monster PC, a MacBook, or just an everyday use-it-for-everything computer, there are many reasons why you'd need a monitor.Whether you have a monster PC, a MacBook, or just an everyday use-it-for-everything computer, there are many reasons why you'd need a monitor."
No title available,91.99,4.7/5,"26,954"
No title available,91.99,4.7/5,"26,954"
No title available,229.00,4.8/5,"2,062"
No title available,199.99,4.6/5,"3,162"
No title available,199.99,4.6/5,"4,320"
No title available,199.97,4.6/5,"2,715"
No title available,159.99,4.7/5,"1,543"
No title available,154.99,4.6/5,986
"Sceptre Curved 27"" 75Hz LED Monitor HDMI VGA Build-In Speakers, EDGE-LESS Metal Black 2019 (C275W-1920RN)",166.99,4.7/5,"6,005"
"ASUS VP279HE 27” Monitor, 1080P Full HD, 75Hz, IPS, Adaptive-Sync/FreeSync, Eye Care, HDMI VGA, Frameless, Low Blue Light, Flicker Free, VESA Wall Mountable",149.00,4.5/5,28
"SAMSUNG LC24F396FHNXZA 23.5"" FHD Curved LED-Lit FreeSync Monitor",149.99,4.7/5,"4,278"
"ASUS 24"" 1080P Gaming Monitor (VG248QG) - Full HD, 165Hz (Supports 144Hz), 0.5ms, Extreme Low Motion Blur, Speaker, Adaptive-Sync, G-SYNC Compatible, VESA Mountable, DisplayPort, HDMI, DVI-D",199.99,4.7/5,"2,064"
"Sceptre 35 Inch Curved UltraWide 21: 9 LED Creative Monitor QHD 3440x1440 Frameless AMD Freesync HDMI DisplayPort Up to 100Hz, Machine Black 2020 (C355W-3440UN)",429.97,4.6/5,"1,845"
"LG 32UD60-B 4K UHD FreeSync Monitor with Height Adjustable Stand, Black",349.99,4.5/5,392
"AOC CQ27G2 27"" Super Curved Frameless Gaming Monitor QHD 2K, 1500R Curved VA, 1ms, 144Hz, FreeSync, Height adjustable, 3-Year Zero Dead Pixel Guarantee",259.99,4.7/5,"20,338"
LG 34GP83A-B 34 Inch 21: 9 Ultragear Curved QHD (3440 x 1440) 1ms Nano IPS Gaming Monitor with 144Hz and G-SYNC Compatibility - Black (34GP83A-B),799.99,4.7/5,"1,484"
"LG 29WN600-W 29"" 21:9 UltraWide WFHD IPS HDR10 Monitor with FreeSync, Silver",225.77,4.6/5,"1,285"
"LG 27GL83A-B 27 Inch Ultragear QHD IPS 1ms NVIDIA G-SYNC Compatible Gaming Monitor, Black",379.99,4.8/5,"4,527"
OFIYAA P2 Portable Monitor Laptop Screen Extender Dual 11.6'' Display FHD IPS USB-A/Type-C/HDMI 4 Speakers Gaming Monitor Extender for Nintendo Switch/PS5 Compatible with 13''-17'' Mac PC/Notebook,449.00,4.1/5,11
"LG 32QN600-B 32-Inch QHD (2560 x 1440) IPS Monitor with HDR 10, AMD FreeSync with Dual HDMI Inputs, Black",249.99,4.7/5,"1,130"
"LG 27UN850-W 27 Inch Ultrafine UHD (3840 x 2160) IPS Display with VESA DisplayHDR 400, USB Type-C and 3-Side Virtually Borderless Display with Height/Swivel/Pivot/Tilt Adjustable Stand, Silver",449.99,4.6/5,219
"ASUS ProArt Display PA278QV 27” WQHD (2560 x 1440) Monitor, 100% sRGB/Rec. 709 ΔE < 2, IPS, DisplayPort HDMI DVI-D Mini DP, Calman Verified, Eye Care, Anti-Glare, Tilt Pivot Swivel Height Adjustable",289.99,4.7/5,"1,102"
"Acer Nitro XV272U Pbmiiprzx 27"" WQHD (2560 x 1440) IPS G-SYNC Compatible Monitor, 144Hz, 1ms VRB, VESA Certified DisplayHDR400, DCI-P3, Delta E<2",299.99,4.6/5,604
"Eyoyo 12"" Inch TFT LCD Monitor with AV HDMI BNC VGA Input 1366x768 Portable Mini HD Color Screen Display with Built-in Speaker",89.98,4.3/5,468
"Portable Monitor, MYDASH 15.6 Inch Full HD 1080P USB Type-C IPS Computer Display, Gaming Monitor with Mini HDMI/USB-C for Laptop PC PS4 Xbox Nintendo Raspberry Pi, Smart Cover Stand Included",128.98,3.9/5,45
"for Raspberry Pi 4 Portable Monitor 7.0 inch Screen - IPS Capacitive Display 1024x600, Second Screen with Laptop, Mini HDMI - Compatible with Raspberry Pi, for PS4 etc, with Leather Holder Case",75.99,4.0/5,36
Eyoyo Small Monitor 8 inch Mini HDMI VGA Display Screen 1280x720 High Resolution IPS Display Server Monitor for Computer/PC/Raspberry Pi w/Speakers/Remote Control/Wall Mount,79.99,4.7/5,9
"TechOrbits Three Monitor Stand Mount - SmartSWIVEL - Triple Computer Screen Desk Mount Arms - Full Motion Swivel Articulating Gas Springs - Universal Fit for 13"" - 30"" Screens Vesa Mount",110.45,4.5/5,647
"Sceptre IPS 27-Inch Business Computer Monitor 1080p 75Hz with HDMI VGA Build-in Speakers, Machine Black 2020 (E275W-FPT)",164.97,4.7/5,"1,492"
BenQ 24 Inch IPS Monitor | 1080P | Proprietary Eye-Care Tech | Ultra-Slim Bezel | Adaptive Brightness for Image Quality | Speakers | GW2480 Black,119.99,4.7/5,"9,685"
"Samsung Business FT452 Series 24 inch 1080p 75Hz IPS Computer Monitor for Business with HDMI, DisplayPort, USB, HAS Stand, 3-Yr Wrnty (F24T452FQN), Black",149.99,4.6/5,731
"Lenovo Q24h-10 23.8-inch QHD (2560 x 1440) USB-C LCD Monitor, LED Backlit, AMD FreeSync, 75Hz, 4ms, 99% sRGB, Speakers, Low Blue Light, 66A8GCC6US Warm Gray",223.76,4.6/5,184
"LG 22MK430H-B 21.5-Inch Full HD Monitor with AMD FreeSync, Black",89.99,4.6/5,957
"Acer EZ321Q wi 31.5"" Full HD (1920 x 1080) IPS Monitor (HDMI & VGA port), White",179.99,4.6/5,721
10.1 inch Gaming Monitor Cocar HD TFT 1280x800 IPS LED Screen for NES SNES PS3 PS4 Xbox PC Nintendo Switch Car Backup System DC 12V MP5 Media Player Built-in Speaker HDMI VGA AV USB Video Input,89.99,3.6/5,17
Eyoyo 7 inch Small HDMI LCD Monitor Portable IPS Screen 1280x800 16:10 Support HDMI VGA AV BNC Inputs,69.99,4.3/5,135
"ASUS TUF Gaming 27"" 2K HDR Gaming Monitor (VG27AQ) - WQHD (2560 x 1440), 165Hz (Supports 144Hz), 1ms, Extreme Low Motion Blur, Speaker, G-SYNC Compatible, VESA Mountable, DisplayPort, HDMI",395.07,4.6/5,"1,763"
"ASUS VL279HE 27” Eye Care Monitor, 1080P Full HD (1920 x 1080), IPS, 75Hz, Adaptive-Sync, FreeSync, HDMI D-Sub, Frameless, Slim, Wall Mountable, Flicker Free and Blue Light Filter,BLACK",149.99,4.7/5,838
"ASUS TUF Gaming 32"" 2K HDR Curved Monitor (VG32VQ1B) - WQHD (2560 x 1440), 165Hz (Supports 144Hz), 1ms, Extreme Low Motion Blur, Speaker, FreeSync Premium, VESA Mountable, DisplayPort, HDMI",379.99,4.7/5,"1,883"
"Sceptre IPS 24-Inch Business Computer Monitor 1080p 75Hz with HDMI VGA Build-in Speakers, Machine Black (E248W-FPT)",119.99,4.6/5,"1,451"
HP 24mh FHD Monitor - Computer Monitor with 23.8-Inch IPS Display (1080p) - Built-In Speakers and VESA Mounting - Height/Tilt Adjustment for Ergonomic Viewing - HDMI and DisplayPort - (1D0J9AA#ABA),164.99,4.8/5,"10,043"
"HP VH240a 23.8-Inch Full HD 1080p IPS LED Monitor with Built-In Speakers and VESA Mounting, Rotating Portrait & Landscape, Tilt, and HDMI & VGA Ports (1KL30AA) - Black",169.00,4.7/5,"20,594"
"AOC Limited Edition G2490VXS 24"" class Frameless Gaming Monitor with Silver Stand, FHD 1920x1080, 1ms 144Hz, FreeSync Premium, 126% sRGB / 93% DCI-P3, 3Yr Re-Spawned zero dead pixels Black",188.99,4.6/5,"2,814"
"LG 32QN600-B 32-Inch QHD (2560 x 1440) IPS Monitor with HDR 10, AMD FreeSync with Dual HDMI Inputs, Black",249.99,4.7/5,"1,130"
ViewSonic VX3276-MHD 32 Inch 1080p Frameless Widescreen IPS Monitor with Screen Split Capability HDMI and DisplayPort,196.53,4.7/5,"4,355"
PC 1080P Webcam with Mic. USB Camera for Video Calling & Recording Video Conference/Online Teaching/Business Meeting Compatible with Computer Desktop Laptop MacBook for Windows Android iOS Linux,49.98,4.4/5,"1,780"
"LG 27UN850-W 27 Inch Ultrafine UHD (3840 x 2160) IPS Display with VESA DisplayHDR 400, USB Type-C and 3-Side Virtually Borderless Display with Height/Swivel/Pivot/Tilt Adjustable Stand, Silver",449.99,4.6/5,219
"Samsung 34-Inch SJ55W Ultrawide Gaming Monitor (LS34J550WQNXZA) – 75Hz Refresh, WQHD Computer Monitor, 3440 x 1440p Resolution, 4ms Response, FreeSync, Split Screen, HDMI, Black",359.99,4.4/5,486
"Acer KB272HL Hbi 27” Full HD (1920 x 1080) Monitor with AMD Radeon FREESYNC Technology, 75Hz, 1ms (VRB) (HDMI Port 1.4 & VGA Port), Black",159.99,4.7/5,"1,543"
"Acer R240HY bidx 23.8-Inch IPS HDMI DVI VGA (1920 x 1080) Widescreen Monitor, Black",129.99,4.7/5,"10,992"
"AOC CU32V3 32"" Super-Curved 4K UHD monitor, 1500R Curved VA, 4ms, 121% sRGB Coverage / 90% DCI-P3, HDMI 2.0/DisplayPort, VESA, Black",389.99,4.6/5,328
"Samsung 32 inch UJ59 4k monitor (LU32J590UQNXZA) - UHD, 3840 x 2160p, 60hz, 4ms, Dual monitor, laptop monitor, monitor stand / riser / mount compliant, AMD FreeSync, Gaming, HDMI, DP, Black",354.04,4.5/5,854
"Samsung Curved 1920x1080 HDMI VGA Monitor, White, 27""",269.29,4.7/5,309
"TechOrbits Three Monitor Stand Mount - Triple Computer Screen Desk Mount Arms - Full Motion Swivel Articulating Mechanical Arms with Two USB Ports- Universal Fit for 17"" - 27"" Screens Vesa",89.95,4.3/5,337
"LG 27GL83A-B 27 Inch Ultragear QHD IPS 1ms NVIDIA G-SYNC Compatible Gaming Monitor, Black",379.99,4.8/5,"4,527"
"Asus VP249QGR 23.8” Gaming Monitor 144Hz Full HD (1920 x 1080) IPS 1ms FreeSync Extreme Low Motion Blur Eye Care DisplayPort HDMI VGA,BLACK",229.00,4.8/5,"2,062"
"SAMSUNG 27-inch M5 Smart Monitor with Mobile Connectivity, FHD, Remote Access, Office 365 (LS27AM500NNXZA), Black",225.61,4.0/5,98
"Philips Brilliance 279P1 27"" Frameless Monitor, 4K UHD IPS (3840x2160), 122 percent sRGB; 103 NTSC, Speakers, USB-C docking, Power-saving PowerSensor, Height Adjustable, VESA, 4Yr Advance Replacement",379.99,4.6/5,"8,679"
"SAMSUNG 27-Inch Odyssey G5 Gaming Monitor with 1000R Curved Screen, 144Hz, 1ms, FreeSync Premium, QHD (LC27G55TQWNXZA), Black",299.99,4.5/5,"2,443"
LG 32ML600M-B 32” Inch Full HD IPS LED Monitor with HDR 10 - Black,199.99,4.5/5,"1,804"
"ASUS 32"" 4K HDR Monitor (VA32UQ) - UHD (3840 x 2160), 95% DCI-P3, Speaker, Eye Care, Adaptive-Sync/FreeSync, Shadow Boost, Blue Light Filter, Flicker Free, DisplayPort, HDMI, Tilt Adjustable",379.00,4.5/5,114
"BenQ EL2870U 28 inch 4K Monitor for Gaming 1ms Response Time, FreeSync, HDR, eye-care, speakers",299.99,4.6/5,"3,223"
"ViewSonic VA2055SA 20 Inch 1080p LED Monitor with VGA Input and Enhanced Viewing Comfort,Black",89.99,4.4/5,705
"LG 27UL500-W 27-Inch UHD (3840 x 2160) IPS Monitor with Radeon Freesync Technology and HDR10, White",349.88,4.7/5,"1,572"
"USB C to Mini DisplayPort Adapter UPTab (4K@60Hz) USB-C/Thunderbolt 3 to MDP Adapter with Power Port for New M1 MacBook Pro/Air, iPad Pro USB-C, Mac Mini M1, iMac and More USB Type-C Devices (Silver)",34.95,4.6/5,450
FITUEYES Computer Monitor Riser Laptop Desktop Stand for Monitors,17.99,4.7/5,"2,088"
"Acer Predator XB273K Gpbmiipprzx 27"" UHD (3840 x 2160) IPS NVIDIA G-SYNC Compatible Monitor with VESA Certified DisplayHDR 400, Quantum Dot, 144Hz, DCI-P3 , Delta E<1 (Display Port & HDMI Port), Black",629.99,4.4/5,269
"ASUS TUF Gaming VG27VH1B 27” Curved Monitor, 1080P Full HD, 165Hz (Supports 144Hz), Extreme Low Motion Blur, Adaptive-sync, FreeSync Premium, 1ms, Eye Care, HDMI D-Sub, BLACK",259.99,4.7/5,641
"GIGABYTE G32QC 32"" 165Hz 1440P Curved Gaming Monitor, 2560 x 1440 VA 1500R Display, 1ms (MPRT) Response Time, 94% DCI-P3, VESA Display HDR400, FreeSync Premium Pro",349.99,4.6/5,"1,629"
"LG 32UN880-B 32"" UltraFine Display Ergo UHD 4K IPS Display with HDR 10 Compatibility and USB Type-C Connectivity, Black",646.99,4.6/5,332
SAMSUNG LC27F398FWNXZA SAMSUNG C27F398 27 Inch Curved LED Monitor,199.99,4.7/5,"5,253"
"Acer Nitro VG240YU bmiipx 23.8"" WQHD (2560 x 1440) IPS Monitor with AMD Radeon FreeSync Technology (2 x HDMI 2.0 Ports & 1 x Display Port),Black",228.58,4.6/5,"3,162"
"LG 32UN500-W 32 Inch UHD (3840 x 2160) VA Display with AMD FreeSync, DCI-P3 90% Color Gamut, HDR10 Compatibility, and 3-Side Virtually Borderless Design, Silve/White",349.99,4.4/5,168
Eyoyo 12 Inch 16:9 Mini TFT LCD HDMI HD Monitor Screen 1366x768 Resolution with HDMI VGA BNC AV Input for PC Display,109.98,4.5/5,151
"SAMSUNG 32-inch M7 Smart Monitor with Mobile Connectivity, 4K UHD, Remote Access, Office 365 (LS32AM702UNXZA), Black",369.99,4.0/5,98
"MSI 32"" Full HD RGB LED Non-Glare Super Narrow Bezel 1ms 2560 x 1440 144Hz Refresh Rate Free Sync Height Adjustable Curved Gaming Monitor (Optix MAG321CQR),Black",369.99,4.5/5,724
"ASUS VP229HE 21.5” Monitor, 1080P Full HD, 75Hz, IPS, FreeSync/Adaptive-Sync, Eye Care, HDMI VGA, Frameless, VESA Wall Mountable, BLACK",109.00,4.6/5,"5,345"
"Acer SB230 Bbix 23"" Full HD (1920 x 1080) IPS Ultra-Thin Zero Frame Monitor with AMD Radeon FREESYNC Technology - 1ms | 75Hz Refresh (HDMI & VGA ports), Black",119.99,4.6/5,"2,558"
"Samsung 24-Inch CRG5 144Hz Curved Gaming Monitor (LC24RG50FQNXZA) – Computer Monitor, 1920 x 1080p Resolution, 4ms Response, FreeSync, Game Mode, HDMI",197.99,4.7/5,"1,235"
"AOPEN 24CH2Y bix 23.8-inch Full HD (1920 x 1080) IPS Monitor 75Hz, 4ms (1 x HDMI & VGA Port), Black",92.99,4.7/5,111
"AOC CU34G2X 34"" Curved Frameless Immersive Gaming Monitor, UltraWide QHD 3440x1440, VA Panel, 1ms 144Hz Freesync, Height Adjustable, 3-Yr Zero Dead Pixels",449.99,4.7/5,"20,338"
ViewSonic VA2256-MHD_H2 Frameless Dual Pack Head-Only 1080p IPS Monitors with HDMI DisplayPort and VGA for Home and Office Black,239.99,4.7/5,638
UPTab DisplayPort to HDMI (UHD) 4K Dongle Adapter,9.95,4.1/5,23
YouTheFan NCAA 3D StadiumViews Picture Frame,34.99,4.7/5,176
"Acer B247Y Dbmiprczx 23.8"" Full HD (1920 x 1080) IPS Zero-Frame Ergo Stand Professional Adaptive-Sync Monitor, Built-in Full HD Adjustable Webcam with Microphone (Display, HDMI, VGA and USB Ports)",212.45,3.7/5,22
ViewSonic VX3276-MHD 32 Inch 1080p Frameless Widescreen IPS Monitor with Screen Split Capability HDMI and DisplayPort,196.53,4.7/5,"4,355"
"29"" Curved 100Hz LED Gaming Monitor Full HD 1080P Ultra Wide HDMI DP Ports with Speakers, VESA Wall Mount Ready(DP Cable Included)",237.99,4.6/5,190
LG 24UD58-B 24-Inch 4K UHD IPS Monitor with FreeSync,296.99,4.6/5,785
"LG 27UK670-B 27'' 16:9 4K Ultra HD IPS Monitor with USB Type-C, Black",396.99,4.6/5,7
"Lenovo ThinkVision P27h-10 27 LED LCD Monitor - 4 ms, Black (61AFGAR1US)",339.49,4.5/5,80
"Freenove 7 Inch Touch Screen for Raspberry Pi, 1024x600 Pixel IPS Monitor, HDMI Display, 5-Point Touch Capacitive Screen, Adjustable Holder",59.95,4.1/5,15
"ViewSonic VA2452SM_H2 24 Inch Dual Pack Head-Only 1080p LED Monitors with DisplayPort DVI and VGA, Black",249.99,4.6/5,914
"Acer CB242Y bir 23.8"" Full HD (1920 x 1080) IPS Zero Frame Home Office Monitor with AMD Radeon Free Sync - 1ms VRB, 75Hz Refresh, Height Adjustable Stand with Tilt & Pivot (HDMI & VGA ports),Black",129.99,4.6/5,431
"SAMSUNG 27-inch T35F LED Monitor with Border-Less Design, IPS Panel, 75hz, FreeSync, and Eye Saver Mode (LF27T350FHNXZA), Dark Blue Gray",179.99,4.6/5,148
"Samsung 24"" FHD Monitor with Bezel-LESS Design - LS24R350FHNXZA, Dark Blue Gray",149.99,4.6/5,914
"Sceptre Curved 27"" Gaming Monitor up to 165Hz DisplayPort 144Hz HDMI Edge-Less AMD FreeSync Premium, Build-in Speakers Machine Black 2021 (C275B-1858RN)",239.97,4.8/5,892
"LG 32UN650-W 32 Inch UHD (3840 x 2160) IPS Ultrafine Display with HDR10 Compatibility, DCI-P3 95% Color Gamut, AMD FreeSync, and 3-Side Virtually Borderless Height Adjustable Stand, Silve/White",439.99,4.4/5,121
"ASUS 15.6"" Portable Monitor (MB168B) - WXGA (1366 x 768), Auto-rotatable, Smart Case, Ultra-slim, Lightweight, Sleek, USB 3.0 Powered, For Laptop, PC, Phone, Console",129.00,4.2/5,"5,793"
"ViewSonic VX2252MH 22 Inch 2ms 75Hz 1080p Gaming Monitor with HDMI DVI and VGA Inputs, Black",109.99,4.7/5,"3,868"
"4K Portable Monitor,15.6 inch USB C External Monitor Gaming Display Portable Monitor 3840 x 2160 UHD Computer Monitor with Dual Type-C Mini HDMI freesync for Laptop PC Phone MAC Surface Xbox PS4",299.99,3.8/5,9
"7 inch LCD Display for Raspberry Pi, 7 Inch Portable Monitor 1024x600 Multi-Function Display Support HDMI/VGA/AV Input(US Plug（110v-240v）)",60.49,No rating,No reviews
YouTheFan NCAA 3D StadiumViews Picture Frame,29.99,4.7/5,176
"UPTab USB C to Dual DisplayPort Adapter 8K, UPTab USB-C to DisplayPort Multi Monitor Splitter Converter, (Compatible Thunderbolt 3), for Windows PC MST, macOS Mirror SST only",45.95,4.2/5,80
"ViewSonic VX2457-MHD 24 Inch 75Hz 2ms 1080p Gaming Monitor with FreeSync Eye Care HDMI and DP, Black",139.99,4.6/5,"2,106"
"BenQ 24 Inch 1080P Monitor | 75 Hz for Gaming | Proprietary Eye-Care Tech |Adaptive Brightness for Image Quality | GL2480,Black",120.73,4.6/5,"7,483"
"ASUS ROG Swift PG43UQ 43” 4K HDR DSC Gaming Monitor | 144Hz, G-SYNC Compatible, Eye Care, Display HDR 1000","2,399.00",4.4/5,192
"Philips 276E8VJSB 27"" Monitor, 4K UHD IPS, 1 Billion+ Colors, Ultranarrow Borders, Lowblue, Multiview, 4Yr Advance Replacement Warranty",244.52,4.4/5,"1,850"
"Acer Predator XB253Q GZbmiiprzx 24.5"" FHD (1920 x 1080) IPS G-SYNC Compatible Monitor, VESA Certified DisplayHDR400, Up to 0.5ms (G to G), 240Hz, 99% sRGB (1 x Display Port & 2 x HDMI Ports), Black",399.99,4.5/5,2
HP V24i FHD Monitor | 23.8-inch Diagonal Full HD Computer Monitor with IPS Panel and 3-Sided Micro Edge Design | Low Blue Light Screen with HDMI and VGA Ports | (9RV15AA#ABA),139.99,4.7/5,"1,027"
"Sceptre IPS 27"" LED Gaming Monitor G-to-G 1ms HDMI DisplayPort up to 144Hz AMD FreeSync Premium Build-in Speakers, Edgeless Machine Black 2021 (E275B-FPN168)",249.97,4.6/5,76
"3M Gold Privacy Filter for 17"" Standard Monitor (5:4) (GF170C4B)",82.99,4.3/5,69
ViewSonic VX2478-SMHD 24 Inch 1440p Frameless IPS Widescreen LED Monitor with HDMI and DisplayPort,229.99,4.5/5,455
ViewSonic XG3220 32 Inch 60Hz 4K Gaming Monitor with FreeSync HDMI DP Eye Care Advanced Ergonomics and HDR10 for PC and Console Gaming,499.99,4.4/5,359
"Sceptre 24"" Curved 75Hz Gaming LED Monitor Full HD 1080P HDMI VGA Speakers, VESA Wall Mount Ready Metal Black 2019 (C248W-1920RN)",193.99,4.6/5,"13,058"
Acer Gaming Monitor 23.6” Curved ED242QR wi 1920 x 1080 75Hz Refresh Rate AMD FREESYNC Technology (HDMI & VGA Ports),249.99,4.6/5,440
"SAMSUNG LU32R590CWNXZA 32-Inch UR590C UHD 4K Curved Gaming Monitor, Dark Blue Gray",374.78,4.5/5,847
"ViewSonic VX3211-2K-MHD 32 Inch IPS WQHD 1440p Monitor with 99% sRGB Color Coverage HDMI VGA and DisplayPort,Black",269.95,4.4/5,"1,051"
ViewSonic VA2256-MHD 22 Inch Frameless IPS 1080p Monitor with HDMI DisplayPort and VGA Inputs for Home and Office,124.99,4.7/5,638
"15.6"" Portable Monitor 1920x1080P Touch Screen Full-Featured USB-C Mirroring HDMI Dual Speaker for Samsung Huawei ChromeBook Surface Dell HP MacBook IPS LED HD Gaming Screen 5mm Aluminum Ultra-Thin",221.99,3.0/5,4
"[4CH] Crystal Vision CVT9604E-3010W All-in-One True HD Wireless Surveillance System NVR CCTV w/ 2TB HDD, Built-in Monitor & Router, Camera Auto Pair",329.99,3.8/5,567
YouTheFan NCAA 3D StadiumViews Picture Frame,27.62,4.7/5,176
"BenQ 24 Inch 1080P Monitor | 75 Hz for Gaming | Proprietary Eye-Care Tech |Adaptive Brightness for Image Quality | GL2480,Black",120.73,4.6/5,"7,483"
"ASUS ROG Swift PG43UQ 43” 4K HDR DSC Gaming Monitor | 144Hz, G-SYNC Compatible, Eye Care, Display HDR 1000","2,399.00",4.4/5,192
"Philips 276E8VJSB 27"" Monitor, 4K UHD IPS, 1 Billion+ Colors, Ultranarrow Borders, Lowblue, Multiview, 4Yr Advance Replacement Warranty",244.52,4.4/5,"1,850"
"Acer ED320QR Sbiipx 31.5"" 1800R Curved Full HD (1920 x 1080) Monitor // 165Hz Refresh Rate / 1ms Response Time/Contrast Ratio: 4,000:1 / AMD Radeon FreeSync (Display Port & 2 x HDMI Ports)",247.00,4.3/5,85
"Acer Predator XB253Q GZbmiiprzx 24.5"" FHD (1920 x 1080) IPS G-SYNC Compatible Monitor, VESA Certified DisplayHDR400, Up to 0.5ms (G to G), 240Hz, 99% sRGB (1 x Display Port & 2 x HDMI Ports), Black",399.99,4.5/5,2
HP V24i FHD Monitor | 23.8-inch Diagonal Full HD Computer Monitor with IPS Panel and 3-Sided Micro Edge Design | Low Blue Light Screen with HDMI and VGA Ports | (9RV15AA#ABA),139.99,4.7/5,"1,027"
Eyoyo 12 Inch HDMI Monitor with BNC VGA AV HDMI Input 800x600 Portable 4:3 TFT LCD Mini HD Color Screen with Bulit-in Speaker,98.99,4.5/5,65
"ViewSonic VP3481a ColorPro 34 Inch WQHD+ Curved Monitor with FreeSync, 100Hz Refresh, USB C (90W), 100% sRGB, HDR10, RJ45, Color Blindness Mode, Hardware Calibration for Video and Graphics, Black",749.99,4.5/5,209
Asus 24-Inch Screen LCD Monitor (VP248QG),129.99,4.7/5,45
"Sceptre IPS 27"" LED Gaming Monitor G-to-G 1ms HDMI DisplayPort up to 144Hz AMD FreeSync Premium Build-in Speakers, Edgeless Machine Black 2021 (E275B-FPN168)",249.97,4.6/5,76
"Dell S2421NX 24"" IPS LED FHD - AMD FreeSync - VESA - Monitor (HDMI) - Black",169.00,4.0/5,1
ViewSonic XG3220 32 Inch 60Hz 4K Gaming Monitor with FreeSync HDMI DP Eye Care Advanced Ergonomics and HDR10 for PC and Console Gaming,499.99,4.4/5,359
"Sceptre 24"" Curved 75Hz Gaming LED Monitor Full HD 1080P HDMI VGA Speakers, VESA Wall Mount Ready Metal Black 2019 (C248W-1920RN)",193.99,4.6/5,"13,058"
Acer Gaming Monitor 23.6” Curved ED242QR wi 1920 x 1080 75Hz Refresh Rate AMD FREESYNC Technology (HDMI & VGA Ports),249.99,4.6/5,440
"SAMSUNG LU32R590CWNXZA 32-Inch UR590C UHD 4K Curved Gaming Monitor, Dark Blue Gray",374.78,4.5/5,847
"Touchscreen Monitor, 12 Inch LCD Touch Screen Monitor Pos Systems for Restaurants Bar Point of Sale Cashier Coffee Store PC Touchscreen Display VGA USB",167.99,3.6/5,17
SunFounder Raspberry Pi Display 13.3 Inch IPS Portable 2 HDMI Monitor 1920x1080 Gaming Monitor for Ps4 Raspberry Pi WiiU Xbox 360 Windows 7/8/10,139.99,4.3/5,399
"UPTab HDMI to VGA Adapter (Male to Female) for Computer, Desktop, Laptop, PC, Monitor, Projector, Chromebook, Raspberry Pi, Roku, Xbox and More",5.95,3.4/5,4
"USB C to Dual HDMI 4K Adapter Multi Monitor Splitter - Type C to 2 Port HDMI Converter for MacBook Pro, Air, iMac, Chromebook Pixel, Lenovo Yoga, Dell XPS, Surface Book 2, Samsung Galaxy More",45.95,4.3/5,49
BenQ Zowie XL2540K 24.5 inch 240Hz Gaming Monitor | Smaller Base | Flexible Height & tilt Adjustment | XL Setting to Share | Customizable Quick Menu,329.00,4.6/5,45
"ViewSonic VX3211-2K-MHD 32 Inch IPS WQHD 1440p Monitor with 99% sRGB Color Coverage HDMI VGA and DisplayPort,Black",269.95,4.4/5,"1,051"
"AOC C32V1Q 31.5"" Full HD 1920x1080 Monitor, Curved VA Panel, 4ms 75Hz, Frameless, HDMI/DisplayPort/VGA, Flickerfree, Low Blue Mode, VESA, Black",219.99,4.6/5,"1,096"
Portable Monitor - 15.6 Inch USB-C FHD FreeSync HDR Portable Monitor 91% Screen-to-Body Ratio 1920x1080 USB-C Computer Display with Type-C MiniDP HDMI for Laptop PC Phone Mac Surface Xbox PS4 Switch,189.99,4.7/5,366
OFIYAA P2 Portable Monitor Laptop Screen Extender Dual 11.6'' Display FHD IPS USB-A/Type-C/HDMI 4 Speakers Gaming Monitor Extender for Nintendo Switch/PS5 Compatible with 13''-17'' Mac PC/Notebook,449.00,4.1/5,11
"ViewSonic VG2039M-LED 20 Inch Ergonomic Monitor with DisplayPort DVI and VGA for Home and Office, Black",119.99,4.2/5,134
ViewSonic VX2276-SMHD 22 Inch 1080p Frameless Widescreen IPS Monitor with HDMI and DisplayPort,129.99,4.6/5,"1,603"
"Dell 27-Inch IPS LED Monitor (S2721NX); FHD (1920x1080) up to 75Hz; 16:9; 4ms Response time; HDMI; AMD FreeSync, VESA - Black",239.90,5.0/5,1
"Acer Gaming Monitor 27 Inches KG271 Cbmidpx 1920 x 1080 144Hz Refresh Rate AMD FREESYNC Technology (Display Port, HDMI & DVI Ports) Black",229.99,4.6/5,"4,320"
"Lenovo Q27h-10 27-Inch Monitor, QHD (2560 x 1440), IPS, LED Backlit, 16:9, AMD FreeSync, USB-C, 4-Side Borderless, 75Hz, 4ms Response Time, 99% sRGB, Tilt, HDMI, DP 1.2, Low Blue Light, 66A7GCC2US",329.99,4.4/5,153
LG 35WN75C-B – 35” QHD (3440 x 1440) Curved Monitor with sRGB 99% Color Gamut and HDR 10 and USB-Type C (94W Power Delivery) - Black,599.99,4.3/5,27
"ASUS ZenScreen 15.6"" 1080P Portable Monitor (MB16AC) - Full HD, IPS, Eye Care, Foldable Smart Case, Ultra-slim, Lightweight, USB-C Power Delivery, For Laptop, PC, Phone, Console",229.00,4.4/5,"1,862"
"ASUS TUF Gaming VG289Q 28” HDR Gaming Monitor 4K (3840 x 2160) IPS FreeSync Eye Care DisplayPort Dual HDMI HDR 10,BLACK",327.95,4.6/5,474
"ViewSonic VG2253 22 Inch IPS 1080p Frameless Ergonomic Monitor with HDMI and DisplayPort for Home and Office, Black",159.99,4.7/5,110
"ViewSonic VG2239SMH 22 Inch 1080p Ergonomic Monitor with HDMI DisplayPort and VGA for Home and Office, Black",139.99,4.5/5,161
"17"" Touch Screen TFT LCD Monitor Display - 1280x1024 Resolution VGA for PC/POS Graphic Draw Sketching",208.00,3.4/5,18
"15"" Touch Screen LCD Monitor Display 1024x768 Resolution VGA for PC POS Point of Sale Designer",188.88,3.5/5,24
Acer KA272U biipx 27” WQHD 2560 x 1440 IPS Zero-Frame Monitor with 75Hz Refresh Rate and AMD Radeon FreeSync Technology (Display Port & 2 x HDMI 1.4 Ports) Black,199.99,3.7/5,19
"Sceptre 24-Inch Curved 144Hz Gaming LED Monitor Edge-Less AMD FreeSync DisplayPort HDMI, Machine Black (C248B-144RN)",224.69,4.7/5,"7,437"
"Monoprice Zero-G Gaming Monitor - 32in - 16:9, 2560x1440p, WQHD, 165Hz Refresh Rate, AMD FreeSync, HDMI, DisplayPort, VA, 75x75 VESA Compatibility, Black (142108)",299.99,3.2/5,4
"Acer XFA240 bmjdpr 24"" Gaming G-SYNC Compatible Monitor 1920 x 1080, 144hz Refresh Rate, 1ms Response Time with Height, Pivot, Swivel & Tilt, Black",199.99,4.6/5,"3,970"
"Sceptre 34-inch Curved UltraWide 21: 9 Creative LED Monitor 2560x1080 Frameless HDMI DisplayPort Up to 100Hz, Machine Black 2020 (C345W-2560UN)",349.97,4.6/5,893
Asus TUF Gaming VG35VQ 35” Curved HDR Monitor 100Hz Uwqhd (3440 X 1440) 1ms FreeSync Eye Care DisplayPort HDMI USB HDR10,577.79,4.5/5,154
Acer ED320QR Edo Series New 31.5 Inch Curved Full HD 165Hz Gaming Monitor,239.99,4.6/5,3
"Portable Monitor, Cocar 15.6 Computer Display USB C Mirroring OTG Mouse Keyboard 3840x2160 UHD IPS HDR 4K Monitor Gaming HDMI Screen for Laptop Computer Samsung ChromeBook Surface Xbox PS4 Switch",339.99,5.0/5,3
"Touch Screen, 19 Inch PC LED Monitors High Res Built-in Touch Screen Display 1440x900 Resolution VGA for PC/POS",259.99,3.6/5,6
"Acer Nitro VG0-28"" Widescreen Display 4KUHD 3840x2160 60Hz IPS 16:9 4ms 300Nit (Renewed)",209.99,4.8/5,9
ViewSonic VA2256-MHD_H2 Frameless Dual Pack Head-Only 1080p IPS Monitors with HDMI DisplayPort and VGA for Home and Office Black,239.99,4.7/5,638
"LG 34WK650-W 34"" UltraWide 21:9 IPS Monitor with HDR10 and FreeSync (2018), Black/White",390.32,4.6/5,871
"viozon Monitor and Laptop Mount, 2-in-1 Adjustable Dual Arm Desk Mounts Single Desk Arm Stand/Holder for 17 to 32 Inch LCD Computer Screens, Extra Tray Fits 12 to 17 inch Laptops (Black)",87.99,4.5/5,"2,078"
"White Balance Cards 18% Gray Grey Card. Use for Video, DSLR and Film. Custom Calibration Camera Checker Cards. Premium Exposure Photography Card Set. Free Ebook Included + Instruction Guide",12.99,4.4/5,853
"Philips 346E2CUAE 34"" Curved Frameless Monitor, UltraWide QHD 3440 x 1440, 121% sRGB/99.5% NTSC, 1ms MPRT, USB-C docking, MultiView PIP/PBP, Height Adjustable, VESA, 4Yr Advance Replacement Warranty",429.99,4.5/5,8
Samsung S22F350FH 21.5-Inch FHD Monitor,105.99,4.4/5,818
"Acer G276HL Kbix 27"" Full HD (1920 x 1080) VA Zero Frame Monitor (HDMI & VGA Ports)",154.99,4.6/5,986
"ViewSonic TD2430 24 Inch 1080p 10-Point Multi Touch Screen Monitor with HDMI and DisplayPort, Black",299.99,4.3/5,146
"ViewSonic VG2453 24 Inch IPS 1080p Ergonomic Frameless Monitor with HDMI and DisplayPort for Home and Office, Black",189.98,4.7/5,110
"Samsung Business CH890 Series 34 inch WQHD 3440x1440 Ultrawide Curved Desktop Monitor for Business, 100 Hz, USB-C, HDMI, DP, 3 Year Warranty (LC34H890WGNXGO), Black/Titanium",632.22,4.5/5,499
Samsung U28E590D 28-Inch 4k UHD LED-Lit Monitor,333.23,4.2/5,"1,371"
"SAMSUNG S27R650FDN, SR650 Series 27 inch IPS 1080p 75Hz Computer Monitor for Business with VGA, HDMI, DisplayPort, and USB Hub, 3-Year Warranty",229.99,4.6/5,"1,120"
"ViewSonic VA2759-SMH 27 Inch IPS 1080p Frameless LED Monitor with HDMI and VGA Inputs,Black",154.99,4.6/5,"2,352"
Portable Monitor – 2021 Upgraded 15.6 Inch 1080P FHD HDR FreeSync Ultra Slim USB-C Portable Display with Kickstand Dual Type-C Mini HDMI Dual Speakers for Laptop PC Mac Surface Xbox PS4 Switch Phone,184.99,4.8/5,119
"LG 27GL850-B 27 Inch Ultragear QHD Nano IPS 1ms NVIDIA G-Sync Compatible Gaming Monitor, Black",481.91,4.7/5,"1,580"
"Sceptre 27"" Curved 75Hz LED Monitor C278W-1920R Full HD 1080P HDMI DisplayPort VGA Speakers, Ultra Thin Metal Black, 1800R immersive curvature, 2018,Metallic Black",161.26,4.3/5,"1,777"
"Lenovo Legion Y25-25 24.5-inch FHD LCD Gaming Monitor, 16:9, LED Backlit, AMD FreeSync Premium, 240Hz, 1ms Response Time, 66AAGAC6US",298.00,4.5/5,242
"Viozon Laptop/Notebook/Projector Mount Stand, Height Adjustable Single Arm Mount Support 12-17 inch Laptop/Notebook/Tablet, Free Removable VESA 75X75 and 100X100 for Monitor 17-32 inch.",62.99,4.5/5,431
"BeElion 15Pin 5FT Gold Plated DB15 VGA Male to Male Monitor Cable VGA to VGA,HD| Blue| 1.5 Meters",6.99,4.5/5,161
LeFix Replacement LCD Panel Adhesive Tape Strip Sticker + Opening Wheel Tool Kit for iMac 21.5'' 21.5-inch A1418 Year 2012 2013 2014 2015,9.99,4.5/5,700
"Acer CB282K smiiprx 28"" UHD 4K (3840 x 2160) IPS Zero Frame Home Office RADEON FreeSync Monitor, 4ms, 90% DCI-P3, Height Adjustable Stand with Tilt & Pivot (Display Port, 2 x HDMI)",299.99,4.5/5,"2,343"
"Portable Monitor - Upgraded 17.3 Inch 1080P FHD IPS HDR 100% sRGB FreeSync USB-C Gaming Monitor with Type-C Mini HDMI for Xbox PS4 Nintendo Switch Laptop PC Phone Mac Surface, with case VESA Mount",389.99,4.8/5,381
"MSI Optix G32CQ4 QHD 1500R Curvature 16:9 Aspect Ratio Non-Glare Super Narrow Bezel 1ms 2560 x 1440 165Hz Refresh Rate Tilt Adjustment AMD FreeSync 32"" Curved Gaming Monitor, Black",359.99,4.6/5,97
"MSI Full HD Gaming RGB Non-Glare Super Narrow Bezel 1ms 1920 x 1080 144Hz Refresh Rate Adjustable Height Arm FreeSync 27” IPS Gaming Monitor (Optix MAG273R), Black (OPTIXMAG273R)",239.99,4.7/5,101
ViewSonic TD2220 22 Inch 1080p Dual-Point Optical Touch Screen Monitor with DVI and VGA,229.99,4.3/5,316
"[UL Listed] OMNIHIL 8 Feet Long AC/DC Adapter Compatible with Sceptre 24"" Gaming LED Monitor-(C248W-1920RN)",15.96,No rating,No reviews
"LG 32UD60-B 4K UHD FreeSync Monitor with Height Adjustable Stand, Black",349.99,4.5/5,392
"AOC 24B2XH 24"" Full HD IPS Monitor, 3-Sided Frameless & Ultra Slim HDMI and VGA inputs, Lowblue Mode, VESA compatible,Black",129.99,4.7/5,"2,070"
"Portbale USB C Monitor for Laptop Wimaxi Touchscreen Monitor,15.6 Inch Ulta-Slim 1920x1080 16:9 Display Type-C/USB C Monitor Compatible with Laptop, Android Phone,Switch and Other Game Consoles",188.99,4.1/5,43
"MSI Non-Glare with Narrow Bezel 240Hz 1ms Height Adjustment 1500R Curvature AMD FreeSync HDMI/DP/USB HDR Ready 1920 x 1080 FHD 27” Gaming Monitor (Optix MAG272CRX), Black",339.99,4.7/5,205
"LG 32UL500-W 32 Inch UHD (3840 x 2160) VA Display with AMD FreeSync, DCI-P3 95% Color Gamut and HDR 10 Compatibility, Silver/White, Silve/White",296.99,4.5/5,436
"Dell E2420H 23.8 Inch FHD (1920 x 1080) LED Backlit LCD IPS Monitor DisplayPort1, VGA Ports (25WFD)",152.00,4.3/5,41
"HDMI to DisplayPort 4K 60Hz Active Adapter UPTab, for HDMI Equipped Systems to Connect to DisplayPort Monitors - Compatible with Xbox One/X/S and Playstation 4/5 and More",43.95,5.0/5,4
Omnihil 8 Feet Adapter Charger Compatible with LG 34UM68-P 34-inch 21:9 UltraWide IPS Monitor FreeSync,21.96,No rating,No reviews
"ViewSonic TD2455 24 Inch 1080p IPS 10-Point Multi Touch Screen Monitor with Advanced Dual-Hinge Ergonomics USB C HDMI and DisplayPort Out, Black",359.99,4.2/5,34
"Asus VP228HE 21.5” Full HD 1920x1080 1ms HDMI VGA Eye Care Monitor,Blacklight",99.99,4.4/5,938
"Acer XF250Q Cbmiiprx 24.5"" Full HD (1920 x 1080) Zero Frame TN Gaming AMD FreeSync Compatible Monitor - 1ms | 240Hz Refresh (Display, HDMI 2.0, HDMI 1.4 Ports), Black",249.99,4.6/5,"1,507"
"Acer Nitro XV340CK Pbmiipphzx 34"" QHD (3440 x 1440) IPS Gaming Monitor with AMD Radeon FREESYNC, 144Hz, 1ms VRB, HDR10 Technology, (2 x Display Ports, 2 x HDMI 2.0 & 2 x USB 3.0 Ports), Black",449.00,4.4/5,190
"ASUS 32"" 1080P LCD Monitor with LED back-light (VA325H) - Full HD, IPS, Wide 178° Viewing Angle, 5ms, Speaker, Eye Care, Blue Light Filter, Flicker Free, HDMI, VGA, Tilt Adjustable",200.99,4.6/5,320
"VIOTEK GNV34DB 34-Inch Ultrawide Gaming Monitor, Curved 1500R UWQHD VA Panel | 100Hz 1440p Monitor Resolution | FreeSync FPS/RTS | 3 HDMI Ports DP 3.5mm Aux (VESA)",349.99,4.5/5,"3,097"
"28” LED HDTV by Continu.us | CT-2860 High Definition Television 720p 60Hz Eco-Friendly TV, Lightweight and Slim Design, VGA/HDMI/USB Inputs, VESA Wall Mount Compatible.",216.99,4.1/5,203
"ViewSonic VG2455-2K 24 Inch IPS 1440p Monitor with USB 3.1 Type C HDMI DisplayPort and 40 Degree Tilt Ergonomics for Home and Office,Black",279.99,4.6/5,380
"ASUS VE278H 27"" Full HD Monitor 1920x1080 2ms HDMI VGA Back-lit LED, Black",154.99,4.6/5,"1,276"
"LG 34UM69G-B 34-Inch 21:9 UltraWide IPS Monitor with 1ms Motion Blur Reduction and FreeSync,Black",329.99,4.6/5,"1,041"
"ViewSonic VA2252SM_H2 22 Inch Dual Pack Head-Only 1080p LED Monitors with DisplayPort DVI and VGA, Black",215.99,4.6/5,914
"MSI Full HD Gaming Non-Glare Super Narrow Bezel 1ms 1920 x 1080 144Hz Refresh Rate Adjustable Height Arm FreeSync 27” IPS Gaming Monitor (Optix MAG274), Black, Optix MAG274R",219.99,5.0/5,50
"ASUS ROG Strix 17.3"" 1080P Portable Gaming Monitor (XG17AHP) - Full HD, IPS, 240Hz, 3ms, Adaptive-Sync, Smart Case, ROG Bag & Tripod, USB-C Power Delivery, Micro HDMI, For Laptop, PC, Phone, Console",599.00,4.3/5,124
"Portable Monitor, MYDASH 15.6 Inch Full HD 1080P USB Type-C IPS Computer Display, Gaming Monitor with Mini HDMI/USB-C for Laptop PC PS4 Xbox Nintendo Raspberry Pi, Smart Cover Stand Included",128.98,3.9/5,45
"ASUS VG279Q 27"" Full HD 1080p IPS 144Hz 1ms (MPRT) DP HDMI DVI Eye Care Gaming Monitor with FreeSync/Adaptive Sync",289.00,4.6/5,932
"Samsung 27"" FHD Flat Monitor with Super-Slim Design - LS27F354FHNXZA, Black",217.00,4.6/5,678
"Furrion Vision S 7 Inch Wireless RV Backup System with 1 Rear Sharkfin Camera, Infrared Night Vision and Wide Viewing Angle - FOS07TASF",585.95,4.6/5,706
"LG 32GN650-B 32” Ultragear QHD (2560 x 1440) Gaming Monitor with 165Hz Refresh Rate with 1ms Motion Blur Reduction, HDR 10 Support and AMD FreeSync – Black",398.51,4.7/5,10
"Sceptre IPS 24” Gaming Monitor 165Hz 144Hz Full HD (1920 x 1080) FreeSync Eye Care FPS RTS DisplayPort HDMI Build-in Speakers, Machine Black 2020 (E248B-FPT168)",199.97,4.6/5,"2,715"
"VIOTEK LinQ 16 Inch Touchscreen Portable Monitor – Full HD 1080P Thin IPS Panel w/Built in Speakers, (2X) USB Type C, (1x) HDMI Mini, (1x) 3.5mm Port - for Laptop, Tablet or Smartphone (P16CT)",189.99,4.2/5,433
"MSI Optix G242 16:9 Aspect Ratio Anti-Glare Super Narrow Bezel 1ms 1920 x 1080 (FHD) 144Hz Refresh Rate Tilt Adjustment 24"" AMD Freesync IPS Gaming Monitor",189.99,5.0/5,1
"AOPEN 32HC5QR Pbiipx 31.5"" 1800R Curved Full HD VA (1920 x 1080) 165Hz Gaming Monitor with AMD Radeon FREESYNC Premium Technology (Display Port and 2 x HDMI Ports), Black",222.99,4.5/5,"1,009"
"MSI 24” FHD (1920 x 1080) Non-Glare with Super Narrow Bezel 144Hz 1ms 16:9 HDMI/DP AMD Radeon FreeSync IPS Gaming Monitor (OPTIX G241), Black",189.99,4.7/5,302
"ViewSonic VG2455-2K 24 Inch IPS 1440p Monitor with USB 3.1 Type C HDMI DisplayPort and 40 Degree Tilt Ergonomics for Home and Office,Black",279.99,4.6/5,380
"Sceptre Curved 27"" LED Monitor HDMI VGA up to 75Hz Build-in Speakers, Edgeless Machine Black 2021 (C278W-1920RN)",179.97,4.7/5,185
"HP 27"" Widescreen IPS LED Flat-panel HD Monitor, 1920x1080 at 60Hz, 7ms response time, 178 degrees horizontal and vertical viewing angles, 10,000,000:1 dynamic contrast ratio, HDMI",219.00,4.7/5,101
"Portable Monitor 15.6'' Gaming Display Second Screen - 1080P IPS Computer Gaming Monitor, with HDMI USB C Port for PC Laptop PC Phone MacBook PS4 Xbox Nintendo Raspberry pi",139.99,4.4/5,288
"Planar PCT2485 Helium 24"" Widescreen Multi-Touch Monitor",331.94,4.4/5,759
LG 24MP88HV-S 24-Inch IPS Monitor with Infinity Display 2.5mm Bezel,198.37,4.5/5,541
"AOC U2790VQ 27"" 4K 3840x2160 UHD Frameless Monitor, IPS, 5ms, 1 Billion+ Colors, 108% sRGB, VESA",269.99,4.4/5,"1,044"
"MSI 24” FHD (1920 x 1080) Non-Glare with Super Narrow Bezel 75Hz 1ms 16:9 HDMI/DP AMD Radeon FreeSync IPS Gaming Monitor (OPTIX G241v), Black",149.99,4.6/5,47
"Acer Predator Z35 35-inch Curved Full HD (2560 x 1080) NVIDIA G-Sync Display, 144Hz, 2x9w speakers, HDMI & DP",699.99,4.0/5,167
"Samsung Business FT400 Series 24 inch 1080p 60Hz IPS Panel Computer Monitor for Business with VGA and HDMI, HAS Stand, 3-Year WRNTY (F24T400FHN), Black",134.99,4.7/5,185
"LG 27ML600M-B 24” Full HD IPS 3-Side Borderless Monitor with Dual HDMI, Black",186.99,4.7/5,19
"LONCEVON-12 inch IPS 1920x1080P Portable Small HDMI Monitor with VGA-AV-USB-BNC Port ; External Small HDMI Screen LCD Display Monitor for Laptop Raspberry PI/TV ; Build in Dual Speakers, Remote.",92.99,4.1/5,82
"Asus VZ239H-W 23"" Full HD 1080P IPS HDMI VGA Eye Care Monitor White White/Silver",139.00,4.6/5,"1,207"
"Samsung Business TU87F 32 inch 4K UHD 3840x2160 60Hz Computer Monitor for Business with Thunderbolt 3, DisplayPort, USB Hub, 3-Yr WRNTY (F32TU872VN)",552.43,3.5/5,49
Eyoyo 7 inch Small HDMI LCD Monitor Portable IPS Screen 1280x800 16:10 Support HDMI VGA AV BNC Inputs,69.99,4.3/5,135
"ASUS ROG Strix XG27AQ 27” HDR Gaming Monitor, 1440P WQHD (2560 x 1440), Fast IPS, 170Hz, 1ms, G-SYNC Compatible, Extreme Low Motion Blur Sync, Eye Care, HDMI DisplayPort USB 3.0 Hub, DisplayHDR 400",499.99,No rating,No reviews
MSI QHD Rapid-IPS Quantum DOT Gaming Non-Glare Super Narrow Bezel 1ms 2560 x 1440 165Hz Refresh Rate Adjustable Arm G-Sync Compatible 27” Gaming Monitor (Optix MAG274QRF-QD),449.99,3.9/5,29
ViewSonic Elite XG270Q 27 Inch 1ms 1440p 165Hz G-SYNC Compatible Gaming Monitor with VESA DisplayHDR 400 and Advanced Ergonomics for Esports,479.99,4.6/5,"1,230"
LG 32UL750-W 32 Inch 4K UHD LED Monitor with Vesa Display HDR 600 - Silver,446.99,3.8/5,201
"Planar PXN2400 Full HD Thin Profile 24"" IPS LED LCD Monitor with Wide Viewing Angle Narrow Bezel and Integrated Speakers, Black",139.00,4.7/5,16
"Freenove 7 Inch Touch Screen for Raspberry Pi, 1024x600 Pixel IPS Monitor, HDMI Display, 5-Point Touch Capacitive Screen, Adjustable Holder",59.95,4.1/5,15
"Portable Monitor - 12.5 Inch 1080P FHD IPS HDR FreeSync USB-C Monitor with Dual Type-C Mini HDMI Speakers for Xbox PS4 Switch Laptop PC Phone Mac Surface Nintendo, with Smart Case VESA Mount",149.99,4.4/5,95
"LG 34GL750-B 34 Inch 21: 9 Ultragear Curved Wfhd (2560 X 1080) IPS 144Hz G-SYNC Compatible Gaming Monitor,Black",453.65,4.5/5,"1,250"
"Portable Triple Screen Laptop Workstation External Monitor for Laptop USB C Monitor Compatible with 13""-17"" Mac PC HD 1080P IPS Dual Display - 11.6 inch",419.99,5.0/5,1
"MSI 27” WQHD (2560 x 1440) Non-glare HDR Ready 165Hz 1500R Curvature 1ms 16:9 HDMI/DP/USB AMD FreeSync Height Tilt Adjustment Curved Gaming Monitor (OPTIX MAG272CQR), Black",376.79,4.7/5,250
"ViewSonic VG2248 22 Inch IPS 1080p Ergonomic Monitor with HDMI DisplayPort USB and 40 Degree Tilt for Home and Office, Black",149.99,4.7/5,"1,069"
"ViewSonic VP2468a ColorPro 24 inch 1080p IPS Monitor with 100% sRGB, Rec 709, USB C (65W), RJ45, Color Blindness Mode, Hardware Calibration for Photo and Graphic Design",279.99,5.0/5,2
SunFounder Raspberry Pi Display 13.3 Inch IPS Portable 2 HDMI Monitor 1920x1080 Gaming Monitor for Ps4 Raspberry Pi WiiU Xbox 360 Windows 7/8/10,139.99,4.3/5,399
"ViewSonic VX2768-PC-MHD 27 Inch 1080p Curved 165Hz 1ms Gaming Monitor with FreeSync Premium Eye Care HDMI and Display Port, Black",199.99,4.7/5,59
"ViewSonic VP2468 Professional 24 inch 1080p Monitor 100% sRGB Rec 709 14-bit 3D LUT Color Calibration for Photography and Graphic Design,Black",229.99,4.5/5,338
"Acer Predator XB323U GXbmiiphzx 32"" WQHD (2560 x 1440) IPS Gaming Monitor | NVIDIA G-SYNC Compatible | Certified DisplayHDR600 | Up to 0.5ms | Up to 270Hz | 1 x Display Port, 2 x HDMI and 4 x USB 3.0","1,149.94",No rating,No reviews
"Duex Pro Portable Monitor (Upgraded 2.0 Version), The On-The-Go Dual-Screen Laptop Monitor, 12.5"" Full HD IPS Display, USB A/Type-C, Plug and Play, Dual-Side Sliding, Sleek and Lightweight Design",279.99,4.3/5,998
"17-Inch Capacitive LED Backlit Multi-Touch Monitor, True Flat Seamless Design Touchscreen, VGA and HDMI Input, for Office, Retail, Restaurant, Bar, Gym, Warehouse, No Driver Required",269.98,3.9/5,61
"Sceptre 27 inch QHD IPS LED Monitor 2560x1440 HDR400 HDMI DisplayPort up to 144Hz 1ms Height Adjustable, Build-in Speakers, Gunmetal Black 2021 (E275B-QPN168)",357.97,5.0/5,3
"LG 35” VA HDR QHD UltraWide Curved Monitor, Black (35BN75C-B)",469.99,3.5/5,11
"ASUS VN279QL 27"" Full HD 1920x1080 DisplayPort HDMI VGA Ergonomic Monitor",189.99,4.6/5,394
"Portable Monitor - Upgraded 17.3 Inch 1080P FHD IPS HDR Type C FreeSync Gaming Monitor with Type-C HDMI mini DP Speakers for Xbox PS4 PS5 Switch Laptop PC Phone Mac Surface, with Smart Case VESA mount",329.99,4.7/5,273
"Acer Nitro VG240Y Dbmipcx 23.8"" Full HD (1920 x 1080) IPS Zero-Frame AMD FreeSync Gaming Monitor with Full HD Adjustable Webcam, 1ms (VRB), 75Hz, (1 x Display Port, 1 x HDMI & 1 x VGA Ports)",178.97,No rating,No reviews
"Acer Predator XB253Q GWbmiiprzx 24.5""Full HD (1920 x 1080) IPS G-SYNC Compatible Monitor, VESA Certified DisplayHDR400, Up to 0.5ms, Up to 280Hz, 99% sRGB (1 x Display Port & 2 x HDMI 2.0 Ports)",399.99,5.0/5,1
"BenQ PD2700U 27 inch 4K Monitor for Designers 3840x2160 UHD IPS panel with AQCOLOR 100% Rec.709, sRGB; Factory-calibrated; DualView, Eye-care, Anti-Glare, Gray",499.99,4.6/5,446
"MSI Frameless Bezel Glass Surface 1920 X 1080 USB/HDMI Smart Cover Included IPS Portable Monitor (Optix MAG161V),Black",189.95,4.6/5,67
"3M Gold Privacy Filter for 19"" Standard Monitor (5:4) (GF190C4B)",84.61,4.3/5,69
"ViewSonic VG2448_H2 24 Inch Dual Pack Head-Only IPS 1080p Monitors with HDMI DisplayPort USB for Home and Office, Black",329.99,4.7/5,"1,069"
"Dell S-Series 27-Inch Screen LED-Lit Gaming Monitor (S2719DGF); QHD (2560 x 1440) up to 155 Hz; 16:9; 1ms Response time; HDMI 2.0; DP 1.2; USB; FreeSync; LED; Height Adjust, Tilt, Swivel & Pivot",459.00,4.7/5,"3,327"
Eyoyo 10 Inch IPS LCD HDMI Monitor 1920x1200 Full HD Monitor with HDMI/BNC/VGA/USB Input and Speaker for FPV Video Display DVD PC Laptop,119.99,4.1/5,165
"Planar PXL2430MW 24"" Widescreen Multi-Touch LED Monitor",221.66,4.0/5,154
"Asus VT168H 15.6” 1366x768 HDMI VGA 10-Point Touch Eye Care Monitor, 15.6-inch",169.99,4.5/5,765
"ViewSonic VX2457-MHD 24 Inch 75Hz 2ms 1080p Gaming Monitor with FreeSync Eye Care HDMI and DP, Black",139.99,4.6/5,"2,106"
ViewSonic VG2756-4K 27 Inch IPS 4K Docking Monitor with Integrated USB 3.2 Type-C RJ45 HDMI Display Port and 40 Degree Tilt Ergonomics for Home and Office,489.99,4.3/5,21
"LG 34WN750-B 34"" 21:9 WQHD (3440 x 1440) IPS Display with AMD FreeSync Technology and Multi-Tasking with OnScreen Control, 3-Side Virtually Borderless Design and Tilt/Height Adjustable Stand - Black",496.99,4.6/5,61
"MSI 32"""" Full HD RGB LED Non-Glare Super Narrow Bezel 1ms HDR Ready 2560 x 1440 165Hz Refresh Rate Free Sync Height Adjustable Curved Gaming Monitor (Optix MAG322CQR), Black",414.99,4.6/5,70
"VIOTEK GFV27DAB 27-Inch Gaming Monitor | 144Hz 1440p 1ms | Color-Rich, HDR-Ready VA Panel, G-Sync-Compatible FreeSync Monitor | HDMI DP 3.5mm | Full-Motion Stand | 3-Year Warranty (VESA),Black",299.99,4.4/5,395
"Lenovo C27-20 27-Inch WLED Monitor, FHD, IPS, FreeSync, 75Hz, 4ms, HDMI, VGA, Ergonomic Design, 65F6KCC1US, Black",166.12,4.7/5,123
HP 21.5-Inch Screen LED-Lit Monitor Black (V9E67AA#ABA),109.99,4.8/5,41
"MSI MPG ARTYMIS 343CQR 1000R Curvature 21:9 Aspect Ratio Anti-Glare Super Narrow Bezel 1ms 3440 x 1440 (UWQHD) 165Hz Refresh Rate Tilt/Swivel/Height Adjustment 34"" AMD Freesync Gaming Curved Monitor",899.99,1.0/5,1
"ViewSonic VG2248_H2 22 Inch Dual Pack Head-Only IPS 1080P Monitors with HDMI DisplayPort USB for Home and Office, Black",289.99,4.7/5,"1,069"
ViewSonic VG2755 27 Inch IPS 1080p Monitor with USB 3.1 Type C HDMI DisplayPort VGA and 40 Degree Tilt Ergonomics for Home and Office Black,279.99,4.6/5,380
BenQ ZOWIE XL2731 27 inch 144 Hz Gaming Monitor | 1080P 1ms | Black Equalizer & Color Vibrance for Competitive Edge | Height Adjustable Stand |120Hz Compatible for Xbox Series X only,269.00,4.7/5,"4,140"
Dell P2418HZM 24&quot; Video Conference Full HD LED Monitor with Built-In Speakers,324.79,4.6/5,97
"ASUS ROG Strix XG279Q 27” HDR Gaming Monitor, 1440P WQHD (2560 x 1440), Fast IPS, 170Hz, G-SYNC Compatible, Extreme Low Motion Blur Sync (ELMB SYNC), 1ms DisplayHDR 400 Eye Care DisplayPort Dual HDMI",569.99,4.6/5,374
"ASUS VB199T-P 19"" SXGA 1280x1024 IPS DVI VGA Back-lit LED Monitor,Black",125.99,4.5/5,155
"Acer Nitro KG272 Sbmiipx 27"" Full HD (1920 x 1080) Zero-Frame Gaming Monitor with AMD FreeSync Premium Technology, Up to 165Hz Refresh Rate, Up to 0.5ms, (1 x Display Port, 2 x HDMI 2.0 Ports)",249.99,3.5/5,2
"Lenovo L27q-30 27-inch QHD Monitor, LCD IPS, LED Backlit, 16:9, FreeSync, 75Hz, 4ms, Narrow Bezels, HDMI, DP, Tilt, VESA Mount, 65FCGCC1US, Raven Black",246.76,4.3/5,41
"Acer CB272 Dbmiprcx 27"" Full HD (1920 x 1080) IPS Frameless, AMD FreeSync, 1ms VRB, ErgoStand Monitor with Full HD Adjustable Webcam (Display Port, HDMI & VGA Ports)",229.00,5.0/5,2
"Samsung 23.6 inch FHD 1920x1080 Desktop Monitor for Business with HDMI, VGA, DisplayPort, VESA mountable, 3-Year Warranty, TAA (S24E650PL)",159.99,4.5/5,136
"Acer ED323QUR Abidpx 31.5 Inches WQHD (2560 x 1440) Curved 1800R VA Gaming Monitor with AMD Radeon FREESYNC Technology - 4ms; 144Hz Refresh Rate; Display Port, HDMI Port & DVI Port, Black",349.99,4.4/5,894
Z23N G2 23IN DISP SBY,197.00,4.8/5,14
"ViewSonic VP2468_H2 PRO 24"" Dual Pack Head-Only 1080p Monitors with 100% sRGB Rec709 14-bit 3D LUT for Photography and Graphic Design",439.99,4.1/5,51
"Acer Nitro VG280K bmiipx 28"" UHD (3840 x 2160) IPS Gaming Monitor with AMD FreeSync Technology, 4ms, 100% sRGB, DCI-P3 90%, HDR10 Technology (1 x Display Port and 2 x HDMI 2.0)",299.99,No rating,No reviews
"LG 34WN80C-B 34 inch 21:9 Curved UltraWide WQHD IPS Monitor with USB Type-C Connectivity sRGB 99 percentage Color Gamut and HDR10 Compatibility, Black",549.99,4.7/5,"2,198"
Samsung IT LC27F591FDNXZA Samsung C27F591 27-Inch Curved Monitor (Built-in Speaker Included),319.00,4.6/5,674
"LG 32GK650F-B 32"" QHD Gaming Monitor with 144Hz Refresh Rate and Radeon FreeSync Technology",369.00,4.7/5,"1,691"
"ASUS 23.8"" 1080P Monitor (VA249HE) - Full HD, Wide 178° Viewing Angle, 5ms, Eye Care, Blue Light Filter, Flicker Free, VESA Mountable, HDMI, VGA, Tilt Adjustable",104.00,4.7/5,233
"ASUS ROG Strix 27"" 4K HDR DSC Gaming Monitor (XG27UQ) - UHD (3840 x 2160), IPS, 144Hz, 1ms, Adaptive-Sync, G-SYNC Compatible, DisplayHDR 400, 90% DCI-P3, Aura Sync, VESA Mountable, DisplayPort, HDMI","1,054.72",4.5/5,402
Omnihil 10 Feet LongGold Plated DisplayPort Cable Compatible with BenQ Zowie XL2536 Monitor,13.96,5.0/5,2
